<Anims>
 <anim name="BUILD" root="swap_blackplate" numframes="1000" framerate="40">
  <frame idx="0" w="278" h="654" x="7.857847" y="-106.889343">
   <element name="swap_blackplate" layername="swap_blackplate" frame="0" z_index="1" m_a="0.900000" m_b="0.000000" m_c="0.000000" m_d="0.900000" m_tx="-2.350596" m_ty="-2.876850"/>
  </frame>
  <frame idx="25" w="278" h="654" x="7.857847" y="-106.889343">
   <element name="swap_blackplate" layername="swap_blackplate" frame="0" z_index="1" m_a="0.900000" m_b="0.000000" m_c="0.000000" m_d="0.900000" m_tx="-2.350596" m_ty="-2.876850"/>
  </frame>
  <frame idx="50" w="278" h="654" x="7.857847" y="-106.889343">
   <element name="swap_blackplate" layername="swap_blackplate" frame="0" z_index="1" m_a="0.900000" m_b="0.000000" m_c="0.000000" m_d="0.900000" m_tx="-2.350596" m_ty="-2.876850"/>
  </frame>
  <frame idx="75" w="278" h="654" x="7.857847" y="-106.889343">
   <element name="swap_blackplate" layername="swap_blackplate" frame="0" z_index="1" m_a="0.900000" m_b="0.000000" m_c="0.000000" m_d="0.900000" m_tx="-2.350596" m_ty="-2.876850"/>
  </frame>
  <frame idx="100" w="278" h="654" x="7.857847" y="-106.889343">
   <element name="swap_blackplate" layername="swap_blackplate" frame="0" z_index="1" m_a="0.900000" m_b="0.000000" m_c="0.000000" m_d="0.900000" m_tx="-2.350596" m_ty="-2.876850"/>
  </frame>
  <frame idx="125" w="278" h="654" x="7.857847" y="-106.889343">
   <element name="swap_blackplate" layername="swap_blackplate" frame="0" z_index="1" m_a="0.900000" m_b="0.000000" m_c="0.000000" m_d="0.900000" m_tx="-2.350596" m_ty="-2.876850"/>
  </frame>
  <frame idx="150" w="278" h="654" x="7.857847" y="-106.889343">
   <element name="swap_blackplate" layername="swap_blackplate" frame="0" z_index="1" m_a="0.900000" m_b="0.000000" m_c="0.000000" m_d="0.900000" m_tx="-2.350596" m_ty="-2.876850"/>
  </frame>
  <frame idx="175" w="278" h="654" x="7.857847" y="-106.889343">
   <element name="swap_blackplate" layername="swap_blackplate" frame="0" z_index="1" m_a="0.900000" m_b="0.000000" m_c="0.000000" m_d="0.900000" m_tx="-2.350596" m_ty="-2.876850"/>
  </frame>
  <frame idx="200" w="278" h="654" x="7.857847" y="-106.889343">
   <element name="swap_blackplate" layername="swap_blackplate" frame="0" z_index="1" m_a="0.900000" m_b="0.000000" m_c="0.000000" m_d="0.900000" m_tx="-2.350596" m_ty="-2.876850"/>
  </frame>
  <frame idx="225" w="278" h="654" x="7.857847" y="-106.889343">
   <element name="swap_blackplate" layername="swap_blackplate" frame="0" z_index="1" m_a="0.900000" m_b="0.000000" m_c="0.000000" m_d="0.900000" m_tx="-2.350596" m_ty="-2.876850"/>
  </frame>
  <frame idx="250" w="278" h="654" x="7.857847" y="-106.889343">
   <element name="swap_blackplate" layername="swap_blackplate" frame="0" z_index="1" m_a="0.900000" m_b="0.000000" m_c="0.000000" m_d="0.900000" m_tx="-2.350596" m_ty="-2.876850"/>
  </frame>
  <frame idx="275" w="278" h="654" x="7.857847" y="-106.889343">
   <element name="swap_blackplate" layername="swap_blackplate" frame="0" z_index="1" m_a="0.900000" m_b="0.000000" m_c="0.000000" m_d="0.900000" m_tx="-2.350596" m_ty="-2.876850"/>
  </frame>
  <frame idx="300" w="278" h="654" x="7.857847" y="-106.889343">
   <element name="swap_blackplate" layername="swap_blackplate" frame="0" z_index="1" m_a="0.900000" m_b="0.000000" m_c="0.000000" m_d="0.900000" m_tx="-2.350596" m_ty="-2.876850"/>
  </frame>
  <frame idx="325" w="278" h="654" x="7.857847" y="-106.889343">
   <element name="swap_blackplate" layername="swap_blackplate" frame="0" z_index="1" m_a="0.900000" m_b="0.000000" m_c="0.000000" m_d="0.900000" m_tx="-2.350596" m_ty="-2.876850"/>
  </frame>
  <frame idx="350" w="278" h="654" x="7.857847" y="-106.889343">
   <element name="swap_blackplate" layername="swap_blackplate" frame="0" z_index="1" m_a="0.900000" m_b="0.000000" m_c="0.000000" m_d="0.900000" m_tx="-2.350596" m_ty="-2.876850"/>
  </frame>
  <frame idx="375" w="278" h="654" x="7.857847" y="-106.889343">
   <element name="swap_blackplate" layername="swap_blackplate" frame="0" z_index="1" m_a="0.900000" m_b="0.000000" m_c="0.000000" m_d="0.900000" m_tx="-2.350596" m_ty="-2.876850"/>
  </frame>
  <frame idx="400" w="278" h="654" x="7.857847" y="-106.889343">
   <element name="swap_blackplate" layername="swap_blackplate" frame="0" z_index="1" m_a="0.900000" m_b="0.000000" m_c="0.000000" m_d="0.900000" m_tx="-2.350596" m_ty="-2.876850"/>
  </frame>
  <frame idx="425" w="278" h="654" x="7.857847" y="-106.889343">
   <element name="swap_blackplate" layername="swap_blackplate" frame="0" z_index="1" m_a="0.900000" m_b="0.000000" m_c="0.000000" m_d="0.900000" m_tx="-2.350596" m_ty="-2.876850"/>
  </frame>
  <frame idx="450" w="278" h="654" x="7.857847" y="-106.889343">
   <element name="swap_blackplate" layername="swap_blackplate" frame="0" z_index="1" m_a="0.900000" m_b="0.000000" m_c="0.000000" m_d="0.900000" m_tx="-2.350596" m_ty="-2.876850"/>
  </frame>
  <frame idx="475" w="278" h="654" x="7.857847" y="-106.889343">
   <element name="swap_blackplate" layername="swap_blackplate" frame="0" z_index="1" m_a="0.900000" m_b="0.000000" m_c="0.000000" m_d="0.900000" m_tx="-2.350596" m_ty="-2.876850"/>
  </frame>
  <frame idx="500" w="278" h="654" x="7.857847" y="-106.889343">
   <element name="swap_blackplate" layername="swap_blackplate" frame="0" z_index="1" m_a="0.900000" m_b="0.000000" m_c="0.000000" m_d="0.900000" m_tx="-2.350596" m_ty="-2.876850"/>
  </frame>
  <frame idx="525" w="278" h="654" x="7.857847" y="-106.889343">
   <element name="swap_blackplate" layername="swap_blackplate" frame="0" z_index="1" m_a="0.900000" m_b="0.000000" m_c="0.000000" m_d="0.900000" m_tx="-2.350596" m_ty="-2.876850"/>
  </frame>
  <frame idx="550" w="278" h="654" x="7.857847" y="-106.889343">
   <element name="swap_blackplate" layername="swap_blackplate" frame="0" z_index="1" m_a="0.900000" m_b="0.000000" m_c="0.000000" m_d="0.900000" m_tx="-2.350596" m_ty="-2.876850"/>
  </frame>
  <frame idx="575" w="278" h="654" x="7.857847" y="-106.889343">
   <element name="swap_blackplate" layername="swap_blackplate" frame="0" z_index="1" m_a="0.900000" m_b="0.000000" m_c="0.000000" m_d="0.900000" m_tx="-2.350596" m_ty="-2.876850"/>
  </frame>
  <frame idx="600" w="278" h="654" x="7.857847" y="-106.889343">
   <element name="swap_blackplate" layername="swap_blackplate" frame="0" z_index="1" m_a="0.900000" m_b="0.000000" m_c="0.000000" m_d="0.900000" m_tx="-2.350596" m_ty="-2.876850"/>
  </frame>
  <frame idx="625" w="278" h="654" x="7.857847" y="-106.889343">
   <element name="swap_blackplate" layername="swap_blackplate" frame="0" z_index="1" m_a="0.900000" m_b="0.000000" m_c="0.000000" m_d="0.900000" m_tx="-2.350596" m_ty="-2.876850"/>
  </frame>
  <frame idx="650" w="278" h="654" x="7.857847" y="-106.889343">
   <element name="swap_blackplate" layername="swap_blackplate" frame="0" z_index="1" m_a="0.900000" m_b="0.000000" m_c="0.000000" m_d="0.900000" m_tx="-2.350596" m_ty="-2.876850"/>
  </frame>
  <frame idx="675" w="278" h="654" x="7.857847" y="-106.889343">
   <element name="swap_blackplate" layername="swap_blackplate" frame="0" z_index="1" m_a="0.900000" m_b="0.000000" m_c="0.000000" m_d="0.900000" m_tx="-2.350596" m_ty="-2.876850"/>
  </frame>
  <frame idx="700" w="278" h="654" x="7.857847" y="-106.889343">
   <element name="swap_blackplate" layername="swap_blackplate" frame="0" z_index="1" m_a="0.900000" m_b="0.000000" m_c="0.000000" m_d="0.900000" m_tx="-2.350596" m_ty="-2.876850"/>
  </frame>
  <frame idx="725" w="278" h="654" x="7.857847" y="-106.889343">
   <element name="swap_blackplate" layername="swap_blackplate" frame="0" z_index="1" m_a="0.900000" m_b="0.000000" m_c="0.000000" m_d="0.900000" m_tx="-2.350596" m_ty="-2.876850"/>
  </frame>
  <frame idx="750" w="278" h="654" x="7.857847" y="-106.889343">
   <element name="swap_blackplate" layername="swap_blackplate" frame="0" z_index="1" m_a="0.900000" m_b="0.000000" m_c="0.000000" m_d="0.900000" m_tx="-2.350596" m_ty="-2.876850"/>
  </frame>
  <frame idx="775" w="278" h="654" x="7.857847" y="-106.889343">
   <element name="swap_blackplate" layername="swap_blackplate" frame="0" z_index="1" m_a="0.900000" m_b="0.000000" m_c="0.000000" m_d="0.900000" m_tx="-2.350596" m_ty="-2.876850"/>
  </frame>
  <frame idx="800" w="278" h="654" x="7.857847" y="-106.889343">
   <element name="swap_blackplate" layername="swap_blackplate" frame="0" z_index="1" m_a="0.900000" m_b="0.000000" m_c="0.000000" m_d="0.900000" m_tx="-2.350596" m_ty="-2.876850"/>
  </frame>
  <frame idx="825" w="278" h="654" x="7.857847" y="-106.889343">
   <element name="swap_blackplate" layername="swap_blackplate" frame="0" z_index="1" m_a="0.900000" m_b="0.000000" m_c="0.000000" m_d="0.900000" m_tx="-2.350596" m_ty="-2.876850"/>
  </frame>
  <frame idx="850" w="278" h="654" x="7.857847" y="-106.889343">
   <element name="swap_blackplate" layername="swap_blackplate" frame="0" z_index="1" m_a="0.900000" m_b="0.000000" m_c="0.000000" m_d="0.900000" m_tx="-2.350596" m_ty="-2.876850"/>
  </frame>
  <frame idx="875" w="278" h="654" x="7.857847" y="-106.889343">
   <element name="swap_blackplate" layername="swap_blackplate" frame="0" z_index="1" m_a="0.900000" m_b="0.000000" m_c="0.000000" m_d="0.900000" m_tx="-2.350596" m_ty="-2.876850"/>
  </frame>
  <frame idx="900" w="278" h="654" x="7.857847" y="-106.889343">
   <element name="swap_blackplate" layername="swap_blackplate" frame="0" z_index="1" m_a="0.900000" m_b="0.000000" m_c="0.000000" m_d="0.900000" m_tx="-2.350596" m_ty="-2.876850"/>
  </frame>
  <frame idx="925" w="278" h="654" x="7.857847" y="-106.889343">
   <element name="swap_blackplate" layername="swap_blackplate" frame="0" z_index="1" m_a="0.900000" m_b="0.000000" m_c="0.000000" m_d="0.900000" m_tx="-2.350596" m_ty="-2.876850"/>
  </frame>
  <frame idx="950" w="278" h="654" x="7.857847" y="-106.889343">
   <element name="swap_blackplate" layername="swap_blackplate" frame="0" z_index="1" m_a="0.900000" m_b="0.000000" m_c="0.000000" m_d="0.900000" m_tx="-2.350596" m_ty="-2.876850"/>
  </frame>
  <frame idx="975" w="278" h="654" x="7.857847" y="-106.889343">
   <element name="swap_blackplate" layername="swap_blackplate" frame="0" z_index="1" m_a="0.900000" m_b="0.000000" m_c="0.000000" m_d="0.900000" m_tx="-2.350596" m_ty="-2.876850"/>
  </frame>
 </anim>
</Anims>
